CHINA,ANHUI,FUJIAN,GANSU,GUANGDONG,GUIZHOU,HAINAN,HEBEI,HEILONGJIANG,HENAN,HUBEI,HUNAN,JIANGSU,JIANGXI,JILIN,LIAONING,QINGHAI,SHAANXI,SHANDONG,SHANXI,SICHUAN,YUNNAN,ZHEJIANG,GUANGXI,NEI MONGOL,NINGXIA,XINJIANG,XIZANG ,TIBET,BEIJING,CHONGQING,SHANGHAI,TIANJIN,MACAU,HARBIN,SONGJIANG,DALIAN,NANTONG,CHANG CHUN,SHEN YANG,SHENYANG,YICHUN,NANJING,JINHUA,SHENGZHOU,SUZHOU,NANSHAN,HANGZHOU,CHANGSHU,NINGBO,SHAOXING,YINGKOU,DONGGANG,QINGDAO,KUNSHAN,YANTAI,ZHENGZHOU,SHIJIAZHUANG,WEIHAI,SHEKOU,SHENZHEN,CHENGDU,JIAXING,XIAMEN,KWUN TONG,GUANGZHOU,FOSHAN,DONG SHAN,PANYU,NANHAI,DONGGUAN,DONG GUAN,ZHONGSHAN,SHUNDE,KWAI CHUNG,TSUEN WAN,YAUMATEI,XUZHOU,GUANG-DONG,ZHONGCUN,MACAO,SHANTOU,WUXI,ZHONG CUN,WANCHAI,HARBOUR CITY,SHI JIE TOWN,ZHUHAI,HUIZHOU,FUZHOU,HAIZHOU,
TAIWAN,NEW TAIPEI,KAOHSIUNG,TAICHUNG,TAIPEI,TAOYUAN,TAINAN,HSINCHU,KEELUNG,CHIAYI,CHANGHUA,PINGTUNG,ZHUBEI,YUANLIN,DOULIU,TAITUNG,HUALIEN,TOUFEN,NANTOU,YILAN,MIAOLI,MAGONG,PUZI,TAIBAO,PING TUNG,MIAO LI,
PHILIPPINES,MUNTINLUPA,MANDALUYONG,QUEZON,MANDAUE,
THAILAND,LUMPINI,CHONBURI,NONGKHAM,BANGKOK,SAMUTPRAKARN,NONTABURI,SAMUTPRAKAN,AYUTTHAYA,SAMUTSAKORN,CHIANGMAI,PATHUMTHANI,SAMUTSAKORN,SONGKHLA,NONGKHAEM,PAYATHAI,NONDABURI,CHACHOENGSAO,
JAPAN,TOKYO,OSAKA,ASHIYA,FUKUOKA,OKINAWA CITY,KARIYA,KANAGAWA,KANAGAWA,CHUO-KU,HIGASHI-KU,NISHIGOTANDA,
KOREA,SEOUL,BATANGAS,
INDONESIA,JAKARTA,TANGERANG,BEKASI,BALI,SURABAYA,PURWAKARTA,SEMARANG,BATAM,
GERMANY,DINGOLFING,MARL,HAMBURG,
GUATEMALA,CHIMALTENANGO,
NETHERLANDS,ZOETERWOUDE,VROOMSHOOP,
UNITED KINDOM,TAMWORTH,RAINHAM,STAFFORD,DUBLIN,
POLAND,STARACHOWICE,ZBASZYNEK,STRZYZOW,LODZ,GOLENIOW,
NEW ZEALAND,AUCKLAND,HASTINGS,
MALAYSIA,SELANGOR,MELAKA,SARAWAK,TERENGGANU,KULIM,
SRI LANKA,BATTARAMULLA,KADAWATHA,
AUSTRALIA, NSW , SA ,
VIETNAM,HOCHIMINH CITY,HO CHI MINH,
INDIA,KERALA,NEW DELHI,MUMBAI,KANPUR,RAJASTHAN,BANGALORE,CHENNAI,JAIPUR,BANGALORE,PRADESH,
BANGLADESH,DHAKA,CHITTAGONG,
AUSTRALIA,WARRNAMBOOL,
MALAYSIA,SHAH ALAM,
PERU,LAMBAYEQUE,LIMA,
SINGAPORE,KEMBANGAN,
CAMBODIA,PHNOM PENH,
SPAIN,MURCIA,